key,0
#,String
offset,0
int32,str
0,""
1,"Oath Gauge"
2,"This symbol indicates the defensive stance <hex:024804F201FA03><hex:024904F201FB03>Iron Will<hex:0249020103><hex:0248020103> is in effect, which increases enmity."
3,"You can view the job gauge description at any time from the Actions & Traits menu."
4,"Oath Gauge"
5,"The <hex:024804F201F403><hex:024904F201F503>Oath Gauge<hex:0249020103><hex:0248020103> displays the current strength of a paladin's oath, which increases as auto-attacks are performed. A strong oath is required to execute several select actions such as <hex:024804F201F403><hex:024904F201F503>Sheltron<hex:0249020103><hex:0248020103>, <hex:024804F201F403><hex:024904F201F503>Cover<hex:0249020103><hex:0248020103> (acquired at level 45), and <hex:024804F201F403><hex:024904F201F503>Intervention<hex:0249020103><hex:0248020103> (acquired at level 62), and will grow weaker upon using them.<hex:02100103>Using certain actions will increase the <hex:024804F201F403><hex:024904F201F503>Oath Gauge<hex:0249020103><hex:0248020103>."
6,"Beast Gauge"
7,"This symbol indicates the defensive stance <hex:024804F201FA03><hex:024904F201FB03>Defiance<hex:0249020103><hex:0248020103> is in effect, which increases enmity."
8,"Beast Gauge"
9,"The <hex:024804F201F403><hex:024904F201F503>Beast Gauge<hex:0249020103><hex:0248020103> displays the current strength of a warrior's wrath. This animalistic rage is required to execute several select actions such as <hex:024804F201F403><hex:024904F201F503>Inner Beast<hex:0249020103><hex:0248020103> and <hex:024804F201F403><hex:024904F201F503>Steel Cyclone<hex:0249020103><hex:0248020103> (acquired at level 45) and will grow weaker upon using them.<hex:02100103>Using certain actions will increase the <hex:024804F201F403><hex:024904F201F503>Beast Gauge<hex:0249020103><hex:0248020103>."
10,"Blood Gauge"
11,"This symbol indicates the defensive stance <hex:024804F201FA03><hex:024904F201FB03>Grit<hex:0249020103><hex:0248020103> is in effect, which increases enmity."
12,"Darkside Gauge"
13,"This timer indicates the duration of <hex:024804F201FA03><hex:024904F201FB03>Darkside<hex:0249020103><hex:0248020103>, which increases damage dealt. Using <hex:024804F201F403><hex:024904F201F503>Flood of Darkness<hex:0249020103><hex:0248020103> or <hex:024804F201F403><hex:024904F201F503>Edge of Darkness<hex:0249020103><hex:0248020103> (acquired at level 40) grants <hex:024804F201FA03><hex:024904F201FB03>Darkside<hex:0249020103><hex:0248020103>."
14,"Blood Gauge"
15,"The <hex:024804F201F403><hex:024904F201F503>Blood Gauge<hex:0249020103><hex:0248020103> displays the amount of <hex:024804F201FA03><hex:024904F201FB03>Blackblood<hex:0249020103><hex:0248020103> a dark knight has accumulated. <hex:024804F201FA03><hex:024904F201FB03>Blackblood<hex:0249020103><hex:0248020103> can be consumed to execute actions such as <hex:024804F201F403><hex:024904F201F503>Bloodspiller<hex:0249020103><hex:0248020103> and <hex:024804F201F403><hex:024904F201F503>Quietus<hex:0249020103><hex:0248020103> (acquired at level 64).<hex:02100103>Using certain actions will increase the <hex:024804F201F403><hex:024904F201F503>Blood Gauge<hex:0249020103><hex:0248020103>."
16,"Darkside Gauge"
17,"This symbol indicates that the <hex:024804F201FA03><hex:024904F201FB03>Dark Arts<hex:0249020103><hex:0248020103> effect has been granted. This occurs when the barrier applied by the action <hex:024804F201F403><hex:024904F201F503>The Blackest Night<hex:0249020103><hex:0248020103> has absorbed the full amount of damage.<hex:02100103><hex:024804F201F403><hex:024904F201F503>Flood of Darkness<hex:0249020103><hex:0248020103> and <hex:024804F201F403><hex:024904F201F503>Edge of Darkness<hex:0249020103><hex:0248020103> can be performed by consuming <hex:024804F201FA03><hex:024904F201FB03>Dark Arts<hex:0249020103><hex:0248020103> instead of MP while the effect is active."
18,"Darkside Gauge"
19,"When executing <hex:024804F201F403><hex:024904F201F503>Living Shadow<hex:0249020103><hex:0248020103>, a second timer indicating its duration will appear."
20,"Healing Gauge"
21,"The <hex:024804F201F403><hex:024904F201F503>Healing Gauge<hex:0249020103><hex:0248020103> displays the current number of <hex:024804F201FA03><hex:024904F201FB03>Lilies<hex:0249020103><hex:0248020103> a white mage has accumulated. <hex:024804F201FA03><hex:024904F201FB03>Lilies<hex:0249020103><hex:0248020103> are accumulated as time passes while engaged in combat.<hex:02100103><hex:024804F201FA03><hex:024904F201FB03>Lilies<hex:0249020103><hex:0248020103> are consumed by using the actions <hex:024804F201F403><hex:024904F201F503>Afflatus Solace<hex:0249020103><hex:0248020103> and <hex:024804F201F403><hex:024904F201F503>Afflatus Rapture<hex:0249020103><hex:0248020103> (acquired at level 76)."
22,"Healing Gauge"
23,"Performing actions that consume <hex:024804F201FA03><hex:024904F201FB03>Lilies<hex:0249020103><hex:0248020103> will also nourish the <hex:024804F201FA03><hex:024904F201FB03>Blood Lily<hex:0249020103><hex:0248020103>. The <hex:024804F201FA03><hex:024904F201FB03>Blood Lily<hex:0249020103><hex:0248020103> will bloom after consuming three <hex:024804F201FA03><hex:024904F201FB03>Lilies<hex:0249020103><hex:0248020103>, allowing the execution of <hex:024804F201F403><hex:024904F201F503>Afflatus Misery<hex:0249020103><hex:0248020103>."
24,"Aetherflow Gauge"
25,"Using the action <hex:024804F201F403><hex:024904F201F503>Aetherflow<hex:0249020103><hex:0248020103> fills the <hex:024804F201F403><hex:024904F201F503>Aetherflow Gauge<hex:0249020103><hex:0248020103>, which is required to use certain actions."
26,"Faerie Gauge"
27,"The <hex:024804F201F403><hex:024904F201F503>Faerie Gauge<hex:0249020103><hex:0248020103> displays the current amount of fae aether accumulated within a faerie. Fae aether is accumulated by using actions such as <hex:024804F201F403><hex:024904F201F503>Lustrate<hex:0249020103><hex:0248020103> and <hex:024804F201F403><hex:024904F201F503>Excogitation<hex:0249020103><hex:0248020103> in combat, depleting the <hex:024804F201F403><hex:024904F201F503>Aetherflow Gauge<hex:0249020103><hex:0248020103>. Maintaining an <hex:024804F201F403><hex:024904F201F503>Aetherpact<hex:0249020103><hex:0248020103> consumes fae aether."
28,"Faerie Gauge"
29,"Using the action <hex:024804F201F403><hex:024904F201F503>Summon Seraph<hex:0249020103><hex:0248020103> replaces Eos with Seraph. The <hex:024804F201F403><hex:024904F201F503>Faerie Gauge<hex:0249020103><hex:0248020103> will indicate how much time remains before she must return."
30,"Arcana Gauge"
31,"The <hex:024804F201F403><hex:024904F201F503>Arcana Gauge<hex:0249020103><hex:0248020103> allows astrologians to keep track of which card (arcanum) is currently drawn. An arcanum is drawn by using the action <hex:024804F201F403><hex:024904F201F503>Draw<hex:0249020103><hex:0248020103>, and is placed in the middle of the gauge. Using the <hex:024804F201F403><hex:024904F201F503>Play<hex:0249020103><hex:0248020103> command executes the arcanum's corresponding action."
32,"Divination and Arcana Gauges"
33,"Depending on the arcanum used, you will be granted a <hex:024804F201FA03><hex:024904F201FB03>Lunar<hex:0249020103><hex:0248020103>, <hex:024804F201FA03><hex:024904F201FB03>Solar<hex:0249020103><hex:0248020103>, or <hex:024804F201FA03><hex:024904F201FB03>Celestial<hex:0249020103><hex:0248020103> astrosign. After three astrosigns have been read from your deck, they can be consumed to use <hex:024804F201F403><hex:024904F201F503>Astrodyne<hex:0249020103><hex:0248020103>, whose effects are influenced by the different astrosigns in play."
34,"Lightning Gauge"
35,"The <hex:024804F201F403><hex:024904F201F503>Lightning Gauge<hex:0249020103><hex:0248020103> indicates a monk's current amount of <hex:024804F201F403><hex:024904F201F503>Greased Lightning<hex:0249020103><hex:0248020103> as well as the time remaining before the effect fades. <hex:024804F201F403><hex:024904F201F503>Greased Lightning<hex:0249020103><hex:0248020103> is accumulated by executing certain weaponskills, improving attack speed and damage dealt.<hex:02100103>As a monk or pugilist increases in level, the amount of <hex:024804F201F403><hex:024904F201F503>Greased Lightning<hex:0249020103><hex:0248020103> that can be stored at one time will increase to a maximum of 4 units."
36,"Chakra Gauge"
37,"The <hex:024804F201F403><hex:024904F201F503>Chakra Gauge<hex:0249020103><hex:0248020103> indicates the number of chakra a monk currently has opened. Chakra are opened using the action <hex:024804F201F403><hex:024904F201F503>Meditation<hex:0249020103><hex:0248020103>, or by using certain weaponskills. Opening 5 allows for the execution of the <hex:024804F201F403><hex:024904F201F503>Steel Peak<hex:0249020103><hex:0248020103> and <hex:024804F201F403><hex:024904F201F503>Howling Fist<hex:0249020103><hex:0248020103> (acquired at level 40)."
38,"Lightning Gauge"
39,"The action <hex:024804F201F403><hex:024904F201F503>Anatman<hex:0249020103><hex:0248020103> temporarily freezes the <hex:024804F201F403><hex:024904F201F503>Greased Lightning<hex:0249020103><hex:0248020103> timer. While it is frozen, the timer will flash and the <hex:024804F201F403><hex:024904F201F503>Lightning Gauge<hex:0249020103><hex:0248020103> will continue to increase, one unit at a time."
40,"Dragon Gauge"
41,"The <hex:024804F201F403><hex:024904F201F503>Dragon Gauge<hex:0249020103><hex:0248020103> indicates the strength of the first brood's gaze. Their gaze can be strengthened by executing <hex:024804F201F403><hex:024904F201F503>Mirage Dive<hex:0249020103><hex:0248020103>, up to a maximum of 2 units. When under the brood's full gaze, you can execute <hex:024804F201F403><hex:024904F201F503>Geirskogul<hex:0249020103><hex:0248020103>, which grants <hex:024804F201FA03><hex:024904F201FB03>Life of the Dragon<hex:0249020103><hex:0248020103>. So long as this effect remains active, you can execute powerful actions such as <hex:024804F201F403><hex:024904F201F503>Nastrond<hex:0249020103><hex:0248020103> or <hex:024804F201F403><hex:024904F201F503>Stardiver<hex:0249020103><hex:0248020103> (acquired at level 80)."
42,"Dragon Gauge"
43,"Upon learning the trait <hex:024804F201FA03><hex:024904F201FB03>Lance Mastery IV<hex:0249020103><hex:0248020103>, the actions <hex:024804F201F403><hex:024904F201F503>Raiden Thrust<hex:0249020103><hex:0248020103> and <hex:024804F201F403><hex:024904F201F503>Draconian Fury<hex:0249020103><hex:0248020103> can be executed to sharpen the <hex:024804F201FA03><hex:024904F201FB03>Firstminds' Focus<hex:0249020103><hex:0248020103>, up to a maximum of 2 units. Once their focus is fully sharpened, you can execute <hex:024804F201F403><hex:024904F201F503>Wyrmwind Thrust<hex:0249020103><hex:0248020103>."
44,""
45,"Huton Gauge"
46,"The <hex:024804F201F403><hex:024904F201F503>Huton Gauge<hex:0249020103><hex:0248020103> indicates time remaining until the <hex:024804F201FA03><hex:024904F201FB03>Huton<hex:0249020103><hex:0248020103> effect fades."
47,"Ninki Gauge"
48,"The <hex:024804F201F403><hex:024904F201F503>Ninki Gauge<hex:0249020103><hex:0248020103> displays the current amount of <hex:024804F201FA03><hex:024904F201FB03>Ninki<hex:0249020103><hex:0248020103> a ninja has accumulated. <hex:024804F201FA03><hex:024904F201FB03>Ninki<hex:0249020103><hex:0248020103> slowly builds inside a ninja's body when certain weaponskills are performed and can be used to execute special ninjutsu such as <hex:024804F201F403><hex:024904F201F503>Hellfrog Medium<hex:0249020103><hex:0248020103> and <hex:024804F201F403><hex:024904F201F503>Bhavacakra<hex:0249020103><hex:0248020103> (acquired at level 68)."
49,"Sen Gauge"
50,"The <hex:024804F201F403><hex:024904F201F503>Sen Gauge<hex:0249020103><hex:0248020103> displays which of the 3 <hex:024804F201FA03><hex:024904F201FB03>Sen<hex:0249020103><hex:0248020103> effects─<hex:024804F201FA03><hex:024904F201FB03>Setsu<hex:0249020103><hex:0248020103> (top), <hex:024804F201FA03><hex:024904F201FB03>Getsu<hex:0249020103><hex:0248020103> (left), and <hex:024804F201FA03><hex:024904F201FB03>Ka<hex:0249020103><hex:0248020103> (right)─are currently accumulated. <hex:024804F201FA03><hex:024904F201FB03>Sen<hex:0249020103><hex:0248020103> is required to perform <hex:024804F201F403><hex:024904F201F503>Iaijutsu<hex:0249020103><hex:0248020103>, the number of <hex:024804F201FA03><hex:024904F201FB03>Sen<hex:0249020103><hex:0248020103> accumulated determining which weaponskill will be executed─1 for <hex:024804F201F403><hex:024904F201F503>Higanbana<hex:0249020103><hex:0248020103>, 2 for <hex:024804F201F403><hex:024904F201F503>Tenka Goken<hex:0249020103><hex:0248020103>, and 3 for <hex:024804F201F403><hex:024904F201F503>Midare Setsugekka<hex:0249020103><hex:0248020103>."
51,"Kenki Gauge"
52,"The <hex:024804F201F403><hex:024904F201F503>Kenki Gauge<hex:0249020103><hex:0248020103> displays the current amount of <hex:024804F201FA03><hex:024904F201FB03>Kenki<hex:0249020103><hex:0248020103> a samurai has accumulated. <hex:024804F201FA03><hex:024904F201FB03>Kenki<hex:0249020103><hex:0248020103> slowly builds in a samurai's blade through the successful execution of weaponskills or <hex:024804F201F403><hex:024904F201F503>Third Eye<hex:0249020103><hex:0248020103>. <hex:024804F201FA03><hex:024904F201FB03>Kenki<hex:0249020103><hex:0248020103> is required to execute special devastating attacks such as <hex:024804F201F403><hex:024904F201F503>Hissatsu: Shinten<hex:0249020103><hex:0248020103>, <hex:024804F201F403><hex:024904F201F503>Hissatsu: Gyoten<hex:0249020103><hex:0248020103> (acquired at level 54), <hex:024804F201F403><hex:024904F201F503>Hissatsu: Guren<hex:0249020103><hex:0248020103> (acquired at level 70), and more."
53,"Song Gauge"
54,"Singing <hex:024804F201F403><hex:024904F201F503>Mage's Ballad<hex:0249020103><hex:0248020103> will display the action's corresponding <hex:024804F201F403><hex:024904F201F503>Song Gauge<hex:0249020103><hex:0248020103>, indicating the effect's time remaining.<hex:02100103>If the <hex:024804F201FA03><hex:024904F201FB03>Repertoire<hex:0249020103><hex:0248020103> effect is triggered while <hex:024804F201F403><hex:024904F201F503>Mage's Ballad<hex:0249020103><hex:0248020103> is being sung, the recast times for <hex:024804F201F403><hex:024904F201F503>Bloodletter<hex:0249020103><hex:0248020103> and <hex:024804F201F403><hex:024904F201F503>Rain of Death<hex:0249020103><hex:0248020103> (learned at level 45) are reduced."
55,"<hex:024804F201F403><hex:024904F201F503>“詩心”<hex:0249020103><hex:0248020103>は<hex:024804F201F403><hex:024904F201F503>「ベノムバイト/コースティックバイト」<hex:0249020103><hex:0248020103>、<hex:024804F201F403><hex:024904F201F503>「ウィンドバイト/ストームバイト」<hex:0249020103><hex:0248020103>による継続ダメージの命中時に一定確率で発動します。戦歌を使い、詩心を付与させていくことで吟遊詩人の攻撃力を高めることができます。"
56,"Singing <hex:024804F201F403><hex:024904F201F503>Army's Paeon<hex:0249020103><hex:0248020103> will display the action's corresponding <hex:024804F201F403><hex:024904F201F503>Song Gauge<hex:0249020103><hex:0248020103>, indicating the effect's time remaining.<hex:02100103>If the <hex:024804F201FA03><hex:024904F201FB03>Repertoire<hex:0249020103><hex:0248020103> effect is triggered while <hex:024804F201F403><hex:024904F201F503>Army's Paeon<hex:0249020103><hex:0248020103> is being sung, the bard is granted reduced weaponskill cast time and recast time, spell cast time and recast time, and auto-attack delay according to the number of stacks accumulated."
57,"Singing the <hex:024804F201F403><hex:024904F201F503>Wanderer's Minuet<hex:0249020103><hex:0248020103> will display the action's corresponding <hex:024804F201F403><hex:024904F201F503>Song Gauge<hex:0249020103><hex:0248020103>, indicating the effect's time remaining.<hex:02100103>If the <hex:024804F201FA03><hex:024904F201FB03>Repertoire<hex:0249020103><hex:0248020103> effect is triggered while the <hex:024804F201F403><hex:024904F201F503>Wanderer's Minuet<hex:0249020103><hex:0248020103> is being sung, the action <hex:024804F201F403><hex:024904F201F503>Pitch Perfect<hex:0249020103><hex:0248020103> will become available. The potency of <hex:024804F201F403><hex:024904F201F503>Pitch Perfect<hex:0249020103><hex:0248020103> increases according to the number of <hex:024804F201FA03><hex:024904F201FB03>Repertoire<hex:0249020103><hex:0248020103> stacks."
58,"Soul Voice Gauge"
59,"The <hex:024804F201F403><hex:024904F201F503>Soul Voice Gauge<hex:0249020103><hex:0248020103> increases in tandem with <hex:024804F201FA03><hex:024904F201FB03>Repertoire<hex:0249020103><hex:0248020103>, and is depleted when using the action <hex:024804F201F403><hex:024904F201F503>Apex Arrow<hex:0249020103><hex:0248020103>."
60,"Heat Gauge"
61,"Performing certain weaponskills will increase the <hex:024804F201F403><hex:024904F201F503>Heat Gauge<hex:0249020103><hex:0248020103>, and once it is high enough, the action <hex:024804F201F403><hex:024904F201F503>Hypercharge<hex:0249020103><hex:0248020103> will become available. Using <hex:024804F201F403><hex:024904F201F503>Hypercharge<hex:0249020103><hex:0248020103> overheats your weapon and allows the use of <hex:024804F201F403><hex:024904F201F503>Heat Blast<hex:0249020103><hex:0248020103> (acquired at level 35) and <hex:024804F201F403><hex:024904F201F503>Auto Crossbow<hex:0249020103><hex:0248020103> (acquired at level 52)."
62,"Heat Gauge and Battery Gauge"
63,"The <hex:024804F201F403><hex:024904F201F503>Battery Gauge<hex:0249020103><hex:0248020103> accumulates when certain actions are performed and allows the placement of a <hex:024804F201F403><hex:024904F201F503>Rook Autoturret<hex:0249020103><hex:0248020103>, which will attack your target. It also allows the deployment of an <hex:024804F201F403><hex:024904F201F503>Automaton Queen<hex:0249020103><hex:0248020103> (acquired at level 80) to fight alongside you."
64,"Elemental Gauge"
65,"The <hex:024804F201F403><hex:024904F201F503>Elemental Gauge<hex:0249020103><hex:0248020103> indicates whether you are under the influence of <hex:024804F201FA03><hex:024904F201FB03>Astral Fire<hex:0249020103><hex:0248020103> (after casting a <hex:024804F201F403><hex:024904F201F503>Fire<hex:0249020103><hex:0248020103> spell) or <hex:024804F201FA03><hex:024904F201FB03>Umbral Ice<hex:0249020103><hex:0248020103> (after casting a <hex:024804F201F403><hex:024904F201F503>Blizzard<hex:0249020103><hex:0248020103> spell). While under the influence of <hex:024804F201FA03><hex:024904F201FB03>Astral Fire<hex:0249020103><hex:0248020103>, all <hex:024804F201F403><hex:024904F201F503>Fire<hex:0249020103><hex:0248020103> spells will have increased potency, but require more MP to cast. While under the influence of <hex:024804F201FA03><hex:024904F201FB03>Umbral Ice<hex:0249020103><hex:0248020103>, all <hex:024804F201F403><hex:024904F201F503>Ice<hex:0249020103><hex:0248020103> spells will have reduced cost, and you will have significantly increased MP recovery. Furthermore, when maintaining stacks of <hex:024804F201FA03><hex:024904F201FB03>Astral Fire<hex:0249020103><hex:0248020103> or <hex:024804F201FA03><hex:024904F201FB03>Umbral Ice<hex:0249020103><hex:0248020103>, a spell of the opposite element can be cast at no cost."
66,"Coming under the influence of <hex:024804F201FA03><hex:024904F201FB03>Astral Fire<hex:0249020103><hex:0248020103> or <hex:024804F201FA03><hex:024904F201FB03>Umbral Ice<hex:0249020103><hex:0248020103> will grant <hex:024804F201FA03><hex:024904F201FB03>Enochian<hex:0249020103><hex:0248020103>, and set the lower-right corner of the gauge aglow, indicating its effect is active. <hex:024804F201FA03><hex:024904F201FB03>Enochian<hex:0249020103><hex:0248020103> increases the potency of magic attacks, as well as unlocks powerful spells such as <hex:024804F201F403><hex:024904F201F503>Blizzard IV<hex:0249020103><hex:0248020103>. <hex:024804F201FA03><hex:024904F201FB03>Enochian<hex:0249020103><hex:0248020103> fades when <hex:024804F201FA03><hex:024904F201FB03>Astral Fire<hex:0249020103><hex:0248020103> or <hex:024804F201FA03><hex:024904F201FB03>Umbral Ice<hex:0249020103><hex:0248020103> expires."
67,"Casting <hex:024804F201F403><hex:024904F201F503>Freeze<hex:0249020103><hex:0248020103> or <hex:024804F201F403><hex:024904F201F503>Blizzard IV<hex:0249020103><hex:0248020103> grants 3 <hex:024804F201FA03><hex:024904F201FB03>Umbral Hearts<hex:0249020103><hex:0248020103> which are represented by the arrows in the gauge's lower-left corner. An <hex:024804F201FA03><hex:024904F201FB03>Umbral Heart<hex:0249020103><hex:0248020103> is consumed each time a <hex:024804F201F403><hex:024904F201F503>Fire<hex:0249020103><hex:0248020103> spell is cast, nullifying the MP cost increase applied by the <hex:024804F201FA03><hex:024904F201FB03>Astral Fire<hex:0249020103><hex:0248020103> status."
68,"The <hex:024804F201F403><hex:024904F201F503>Enochian<hex:0249020103><hex:0248020103> bar will fill every 30 seconds the status is maintained. When the crystal at the bottom of the <hex:024804F201F403><hex:024904F201F503>Elemental Gauge<hex:0249020103><hex:0248020103> glows pink, you will be under effect of <hex:024804F201FA03><hex:024904F201FB03>Polyglot<hex:0249020103><hex:0248020103>, which allows the spells <hex:024804F201F403><hex:024904F201F503>Foul<hex:0249020103><hex:0248020103> and <hex:024804F201F403><hex:024904F201F503>Xenoglossy<hex:0249020103><hex:0248020103> (acquired at level 80) to be cast, consuming a crystal."
69,"The <hex:024804F201F403><hex:024904F201F503>Enochian<hex:0249020103><hex:0248020103> bar will fill every 30 seconds the status is maintained. When one or more crystals at the bottom of the <hex:024804F201F403><hex:024904F201F503>Elemental Gauge<hex:0249020103><hex:0248020103> glow pink, you will be under effect of <hex:024804F201FA03><hex:024904F201FB03>Polyglot<hex:0249020103><hex:0248020103>, which allows the spells <hex:024804F201F403><hex:024904F201F503>Foul<hex:0249020103><hex:0248020103> and <hex:024804F201F403><hex:024904F201F503>Xenoglossy<hex:0249020103><hex:0248020103> (acquired at level 80) to be cast, consuming a crystal."
70,"Aetherflow Gauge"
71,"Using the action <hex:024804F201F403><hex:024904F201F503>Energy Drain<hex:0249020103><hex:0248020103> fills the <hex:024804F201F403><hex:024904F201F503>Aetherflow Gauge<hex:0249020103><hex:0248020103>, which is required to perform certain actions."
72,"Trance Gauge"
73,"The <hex:024804F201F403><hex:024904F201F503>Trance Gauge<hex:0249020103><hex:0248020103> indicates the time remaining for the effects of <hex:024804F201F403><hex:024904F201F503>Aethercharge<hex:0249020103><hex:0248020103>. Executing this action also grants <hex:024804F201FA03><hex:024904F201FB03>Ruby Arcanum<hex:0249020103><hex:0248020103>, <hex:024804F201FA03><hex:024904F201FB03>Topaz Arcanum<hex:0249020103><hex:0248020103>, and <hex:024804F201FA03><hex:024904F201FB03>Emerald Arcanum<hex:0249020103><hex:0248020103>, which are used to summon <hex:024804F201FA03><hex:024904F201FB03>Ifrit-Egi<hex:0249020103><hex:0248020103>, <hex:024804F201FA03><hex:024904F201FB03>Topaz Carbuncle<hex:0249020103><hex:0248020103>, and <hex:024804F201FA03><hex:024904F201FB03>Emerald Carbuncle<hex:0249020103><hex:0248020103> respectively."
74,"Each summon, when called forth, will tap into its respective <hex:024804F201FA03><hex:024904F201FB03>Arcanum<hex:0249020103><hex:0248020103>, granting you stacks of an elemental attunement, indicated on the <hex:024804F201F403><hex:024904F201F503>Trance Gauge<hex:0249020103><hex:0248020103>. These elemental attunements will augment <hex:024804F201F403><hex:024904F201F503>Gemshine<hex:0249020103><hex:0248020103> and <hex:024804F201F403><hex:024904F201F503>Precious Brilliance<hex:0249020103><hex:0248020103> (acquired at level 26)."
75,"Upon learning the trait <hex:024804F201FA03><hex:024904F201FB03>Aethercharge Mastery<hex:0249020103><hex:0248020103>, the <hex:024804F201F403><hex:024904F201F503>Trance Gauge<hex:0249020103><hex:0248020103> will indicate the remaining time for the effects of <hex:024804F201F403><hex:024904F201F503>Dreadwyrm Trance<hex:0249020103><hex:0248020103>. While under its effects, <hex:024804F201F403><hex:024904F201F503>Ruin III<hex:0249020103><hex:0248020103> is upgraded to <hex:024804F201F403><hex:024904F201F503>Astral Impulse<hex:0249020103><hex:0248020103> and <hex:024804F201F403><hex:024904F201F503>Outburst<hex:0249020103><hex:0248020103> is upgraded to <hex:024804F201F403><hex:024904F201F503>Astral Flare<hex:0249020103><hex:0248020103>, <hex:024804F201F403><hex:024904F201F503>Dreadwyrm Trance<hex:0249020103><hex:0248020103> also grants <hex:024804F201FA03><hex:024904F201FB03>Ruby Arcanum<hex:0249020103><hex:0248020103>, <hex:024804F201FA03><hex:024904F201FB03>Topaz Arcanum<hex:0249020103><hex:0248020103>, and <hex:024804F201FA03><hex:024904F201FB03>Emerald Arcanum<hex:0249020103><hex:0248020103>."
76,"Each summon, when called forth, will tap into its respective <hex:024804F201FA03><hex:024904F201FB03>Arcanum<hex:0249020103><hex:0248020103>, granting you stacks of an elemental attunement, indicated on the <hex:024804F201F403><hex:024904F201F503>Trance Gauge<hex:0249020103><hex:0248020103>. These elemental attunements will augment <hex:024804F201F403><hex:024904F201F503>Gemshine<hex:0249020103><hex:0248020103> and <hex:024804F201F403><hex:024904F201F503>Precious Brilliance<hex:0249020103><hex:0248020103>."
77,"Dreadwyrm Aether"
78,"Step Gauge"
79,"Performing a <hex:024804F201F403><hex:024904F201F503>Standard Step<hex:0249020103><hex:0248020103> changes the appearance of the <hex:024804F201F403><hex:024904F201F503>Step Gauge<hex:0249020103><hex:0248020103> and causes you to start dancing. Following the displayed icons to execute steps in the correct order and ending with <hex:024804F201F403><hex:024904F201F503>Standard Finish<hex:0249020103><hex:0248020103> will increase your damage dealt and that of the party member designated as your <hex:024804F201FA03><hex:024904F201FB03>Dance Partner<hex:0249020103><hex:0248020103>. The remaining duration of these effects is displayed beneath the <hex:024804F201F403><hex:024904F201F503>Step Gauge<hex:0249020103><hex:0248020103>."
80,"Fourfold Feathers"
81,"Actions such as <hex:024804F201F403><hex:024904F201F503>Reverse Cascade<hex:0249020103><hex:0248020103> and <hex:024804F201F403><hex:024904F201F503>Rising Windmill<hex:0249020103><hex:0248020103> have a chance to grant <hex:024804F201FA03><hex:024904F201FB03>Fourfold Feathers<hex:0249020103><hex:0248020103>, which are consumed by <hex:024804F201F403><hex:024904F201F503>Fan Dance<hex:0249020103><hex:0248020103> and <hex:024804F201F403><hex:024904F201F503>Fan Dance II<hex:0249020103><hex:0248020103> (acquired at level 50)."
82,"Step Gauge"
83,"Performing a <hex:024804F201F403><hex:024904F201F503>Technical Step<hex:0249020103><hex:0248020103> will display four icons on the <hex:024804F201F403><hex:024904F201F503>Step Gauge<hex:0249020103><hex:0248020103>. Executing the corresponding actions in the correct order followed by <hex:024804F201F403><hex:024904F201F503>Technical Finish<hex:0249020103><hex:0248020103> increases the damage dealt by you and nearby party members."
84,"Fourfold Feathers and Esprit Gauge"
85,"The <hex:024804F201F403><hex:024904F201F503>Esprit Gauge<hex:0249020103><hex:0248020103> accumulates when you or party members under the effect of <hex:024804F201FA03><hex:024904F201FB03>Esprit<hex:0249020103><hex:0248020103>─granted by <hex:024804F201F403><hex:024904F201F503>Standard Finish<hex:0249020103><hex:0248020103> and <hex:024804F201F403><hex:024904F201F503>Technical Finish<hex:0249020103><hex:0248020103>─execute weaponskills or cast spells. It is consumed by the action <hex:024804F201F403><hex:024904F201F503>Saber Dance<hex:0249020103><hex:0248020103>."
86,"Balance Gauge"
87,"The <hex:024804F201F403><hex:024904F201F503>Balance Gauge<hex:0249020103><hex:0248020103> displays the current amount of <hex:024804F201FA03><hex:024904F201FB03>Black Mana<hex:0249020103><hex:0248020103> and <hex:024804F201FA03><hex:024904F201FB03>White Mana<hex:0249020103><hex:0248020103> a red mage has accumulated. <hex:024804F201FA03><hex:024904F201FB03>Black Mana<hex:0249020103><hex:0248020103> is accumulated by casting spells commonly associated with black magic (such as <hex:024804F201F403><hex:024904F201F503>Fire<hex:0249020103><hex:0248020103> or <hex:024804F201F403><hex:024904F201F503>Thunder<hex:0249020103><hex:0248020103>), and <hex:024804F201FA03><hex:024904F201FB03>White Mana<hex:0249020103><hex:0248020103> by casting spells associated with white magic (such as <hex:024804F201F403><hex:024904F201F503>Aero<hex:0249020103><hex:0248020103>). There are also some spells and actions that affect both."
88,"When both <hex:024804F201FA03><hex:024904F201FB03>Black Mana<hex:0249020103><hex:0248020103> and <hex:024804F201FA03><hex:024904F201FB03>White Mana<hex:0249020103><hex:0248020103> reach a certain amount, weaponskills such as <hex:024804F201F403><hex:024904F201F503>Riposte<hex:0249020103><hex:0248020103> become enchanted and will deal additional damage. If the gap between <hex:024804F201FA03><hex:024904F201FB03>Black Mana<hex:0249020103><hex:0248020103> and <hex:024804F201FA03><hex:024904F201FB03>White Mana<hex:0249020103><hex:0248020103> accumulation grows too large, the crystal at the top of the gauge will change color, and it will become more difficult to accumulate the lesser of the two."
89,"Powder Gauge"
90,"This symbol indicates the defensive stance <hex:024804F201FA03><hex:024904F201FB03>Royal Guard<hex:0249020103><hex:0248020103> is in effect, which increases enmity."
91,"Powder Gauge"
92,"Performing a combo ending in <hex:024804F201F403><hex:024904F201F503>Solid Barrel<hex:0249020103><hex:0248020103> or <hex:024804F201F403><hex:024904F201F503>Demon Slaughter<hex:0249020103><hex:0248020103> (acquired at level 40) adds cartridges to the <hex:024804F201F403><hex:024904F201F503>Powder Gauge<hex:0249020103><hex:0248020103>, which are expended by <hex:024804F201F403><hex:024904F201F503>Burst Strike<hex:0249020103><hex:0248020103> and <hex:024804F201F403><hex:024904F201F503>Gnashing Fang<hex:0249020103><hex:0248020103> (acquired at level 60)."
93,"Upon learning the trait <hex:024804F201FA03><hex:024904F201FB03>Enhanced Dreadwyrm Trance<hex:0249020103><hex:0248020103>, it is possible to summon <hex:024804F201FA03><hex:024904F201FB03>Demi-Bahamut<hex:0249020103><hex:0248020103> to fight at your side. Summoning <hex:024804F201FA03><hex:024904F201FB03>Demi-Bahamut<hex:0249020103><hex:0248020103> also grants you <hex:024804F201FA03><hex:024904F201FB03>Ruby Arcanum<hex:0249020103><hex:0248020103>, <hex:024804F201FA03><hex:024904F201FB03>Topaz Arcanum<hex:0249020103><hex:0248020103>, and <hex:024804F201FA03><hex:024904F201FB03>Emerald Arcanum<hex:0249020103><hex:0248020103>. The <hex:024804F201F403><hex:024904F201F503>Trance Gauge<hex:0249020103><hex:0248020103> will indicate <hex:024804F201FA03><hex:024904F201FB03>Demi-Bahamut<hex:0249020103><hex:0248020103>'s time remaining on the battlefield, during which <hex:024804F201F403><hex:024904F201F503>Ruin III<hex:0249020103><hex:0248020103> will be upgraded to <hex:024804F201F403><hex:024904F201F503>Astral Impulse<hex:0249020103><hex:0248020103>, <hex:024804F201F403><hex:024904F201F503>Outburst<hex:0249020103><hex:0248020103> to <hex:024804F201F403><hex:024904F201F503>Astral Flare<hex:0249020103><hex:0248020103>, and <hex:024804F201F403><hex:024904F201F503>Astral Flow<hex:0249020103><hex:0248020103> to <hex:024804F201F403><hex:024904F201F503>Deathflare<hex:0249020103><hex:0248020103>."
94,"Upon learning the action <hex:024804F201F403><hex:024904F201F503>Meditate<hex:0249020103><hex:0248020103>, the <hex:024804F201F403><hex:024904F201F503>Meditation Gauge<hex:0249020103><hex:0248020103> will be displayed, indicating the number of stacks of <hex:024804F201FA03><hex:024904F201FB03>Meditation<hex:0249020103><hex:0248020103> you have accumulated while in combat. Stacks are acquired by executing <hex:024804F201F403><hex:024904F201F503>Iaijutsu<hex:0249020103><hex:0248020103>, <hex:024804F201F403><hex:024904F201F503>Meditate<hex:0249020103><hex:0248020103>, or <hex:024804F201F403><hex:024904F201F503>Ogi Namikiri<hex:0249020103><hex:0248020103> (acquired at level 90), and are expended after executing <hex:024804F201F403><hex:024904F201F503>Shoha<hex:0249020103><hex:0248020103>."
95,"The <hex:024804F201F403><hex:024904F201F503>Chakra Gauge<hex:0249020103><hex:0248020103> indicates the number of chakra currently open. Opening 5 allows for the execution of <hex:024804F201F403><hex:024904F201F503>Steel Peak<hex:0249020103><hex:0248020103>."
96,"Master's Gauge"
97,"While under the effect of <hex:024804F201FA03><hex:024904F201FB03>Perfect Balance<hex:0249020103><hex:0248020103>, executing certain weaponskills will open <hex:024804F201FA03><hex:024904F201FB03>Beast Chakra<hex:0249020103><hex:0248020103>─<hex:024804F201FA03><hex:024904F201FB03>Opo-opo Chakra<hex:0249020103><hex:0248020103>, <hex:024804F201FA03><hex:024904F201FB03>Coeurl Chakra<hex:0249020103><hex:0248020103>, or <hex:024804F201FA03><hex:024904F201FB03>Raptor Chakra<hex:0249020103><hex:0248020103>─in accordance with the form normally required to execute them. Opening three of the same <hex:024804F201FA03><hex:024904F201FB03>Beast Chakra<hex:0249020103><hex:0248020103> allows the execution of <hex:024804F201F403><hex:024904F201F503>Elixir Field<hex:0249020103><hex:0248020103>, while three distinct chakra allow the execution of <hex:024804F201F403><hex:024904F201F503>Flint Strike<hex:0249020103><hex:0248020103>. It is also possible to open the <hex:024804F201FA03><hex:024904F201FB03>Lunar Nadi<hex:0249020103><hex:0248020103> and <hex:024804F201FA03><hex:024904F201FB03>Solar Nadi<hex:0249020103><hex:0248020103> by executing <hex:024804F201F403><hex:024904F201F503>Elixir Field<hex:0249020103><hex:0248020103> and <hex:024804F201F403><hex:024904F201F503>Flint Strike<hex:0249020103><hex:0248020103> respectively. Opening three <hex:024804F201FA03><hex:024904F201FB03>Beast Chakra<hex:0249020103><hex:0248020103> and both nadi allows the execution of <hex:024804F201F403><hex:024904F201F503>Tornado Kick<hex:0249020103><hex:0248020103>."
98,"Master's Gauge and Nadi"
99,"特性<hex:024804F201F403><hex:024904F201F503>「必殺技効果アップ」<hex:0249020103><hex:0248020103>を修得し、<hex:024804F201F403><hex:024904F201F503>「陰陽の闘気」<hex:0249020103><hex:0248020103>が表示されるように<hex:02100103>なりました！<hex:02100103>必殺技「天宙脚」を実行すると<hex:024804F201F403><hex:024904F201F503>「陰の闘気」<hex:0249020103><hex:0248020103>が付与され、「鳳凰の舞」を実行すると<hex:024804F201F403><hex:024904F201F503>「陽の闘気」<hex:0249020103><hex:0248020103>が付与され、さらに「闘魂」3種が種類を問わず付与された状態になると、最強の必殺技<hex:024804F201F403><hex:024904F201F503>「夢幻闘舞」<hex:0249020103><hex:0248020103>が実行できます。"
100,"Arcana Gauge and Minor Arcana"
101,"<hex:024804F201F403><hex:024904F201F503>Minor Arcana<hex:0249020103><hex:0248020103> can be used to draw either <hex:024804F201FA03><hex:024904F201FB03>Lord of Crowns<hex:0249020103><hex:0248020103> or <hex:024804F201FA03><hex:024904F201FB03>Lady of Crowns<hex:0249020103><hex:0248020103>, which will appear in the <hex:024804F201F403><hex:024904F201F503>Arcana Gauge<hex:0249020103><hex:0248020103>."
102,"The <hex:024804F201F403><hex:024904F201F503>Trance Gauge<hex:0249020103><hex:0248020103> indicates the time remaining for the effects of <hex:024804F201F403><hex:024904F201F503>Aethercharge<hex:0249020103><hex:0248020103>. Executing this action also grants <hex:024804F201FA03><hex:024904F201FB03>Ruby Arcanum<hex:0249020103><hex:0248020103>, which is used to summon <hex:024804F201FA03><hex:024904F201FB03>Ruby Carbuncle<hex:0249020103><hex:0248020103>. Upon reaching level 15, <hex:024804F201F403><hex:024904F201F503>Aethercharge<hex:0249020103><hex:0248020103> will also grant <hex:024804F201FA03><hex:024904F201FB03>Topaz Arcanum<hex:0249020103><hex:0248020103> for the summoning of <hex:024804F201FA03><hex:024904F201FB03>Topaz Carbuncle<hex:0249020103><hex:0248020103>, and at level 22 <hex:024804F201FA03><hex:024904F201FB03>Emerald Arcanum<hex:0249020103><hex:0248020103> for the summoning of <hex:024804F201FA03><hex:024904F201FB03>Emerald Carbuncle<hex:0249020103><hex:0248020103>."
103,"Each summon, when called forth, will tap into its respective <hex:024804F201FA03><hex:024904F201FB03>Arcanum<hex:0249020103><hex:0248020103>, granting you stacks of an elemental attunement, indicated on the <hex:024804F201F403><hex:024904F201F503>Trance Gauge<hex:0249020103><hex:0248020103>. These elemental attunements will augment <hex:024804F201F403><hex:024904F201F503>Gemshine<hex:0249020103><hex:0248020103> and <hex:024804F201F403><hex:024904F201F503>Precious Brilliance<hex:0249020103><hex:0248020103> (acquired at level 26)."
104,"Each summon, when called forth, will tap into its respective <hex:024804F201FA03><hex:024904F201FB03>Arcanum<hex:0249020103><hex:0248020103>, granting you stacks of an elemental attunement, indicated on the <hex:024804F201F403><hex:024904F201F503>Trance Gauge<hex:0249020103><hex:0248020103>. These elemental attunements will augment <hex:024804F201F403><hex:024904F201F503>Gemshine<hex:0249020103><hex:0248020103> and <hex:024804F201F403><hex:024904F201F503>Precious Brilliance<hex:0249020103><hex:0248020103>."
105,"Upon learning the trait <hex:024804F201FA03><hex:024904F201FB03>Enhanced Summon Bahamut<hex:0249020103><hex:0248020103>, it is possible to summon Demi-Phoenix to fight at your side. Summoning Demi-Phoenix also grants you <hex:024804F201FA03><hex:024904F201FB03>Ruby Arcanum<hex:0249020103><hex:0248020103>, <hex:024804F201FA03><hex:024904F201FB03>Topaz Arcanum<hex:0249020103><hex:0248020103>, and <hex:024804F201FA03><hex:024904F201FB03>Emerald Arcanum<hex:0249020103><hex:0248020103>. The <hex:024804F201F403><hex:024904F201F503>Trance Gauge<hex:0249020103><hex:0248020103> will indicate Demi-Phoenix's time remaining on the battlefield, during which <hex:024804F201F403><hex:024904F201F503>Ruin III<hex:0249020103><hex:0248020103> will be upgraded to <hex:024804F201F403><hex:024904F201F503>Fountain of Fire<hex:0249020103><hex:0248020103>, <hex:024804F201F403><hex:024904F201F503>Tri-disaster<hex:0249020103><hex:0248020103> to <hex:024804F201F403><hex:024904F201F503>Brand of Purgatory<hex:0249020103><hex:0248020103>, and <hex:024804F201F403><hex:024904F201F503>Astral Flow<hex:0249020103><hex:0248020103> to <hex:024804F201F403><hex:024904F201F503>Rekindle<hex:0249020103><hex:0248020103>."
106,"Each summon, when called forth, will tap into its respective <hex:024804F201FA03><hex:024904F201FB03>Arcanum<hex:0249020103><hex:0248020103>, granting you stacks of an elemental attunement, indicated on the <hex:024804F201F403><hex:024904F201F503>Trance Gauge<hex:0249020103><hex:0248020103>. These elemental attunements will augment <hex:024804F201F403><hex:024904F201F503>Gemshine<hex:0249020103><hex:0248020103> and <hex:024804F201F403><hex:024904F201F503>Precious Brilliance<hex:0249020103><hex:0248020103>. Upon learning the trait <hex:024804F201FA03><hex:024904F201FB03>Elemental Mastery<hex:0249020103><hex:0248020103>, <hex:024804F201F403><hex:024904F201F503>Astral Flow<hex:0249020103><hex:0248020103> will also be enhanced by elemental attunement."
107,"Coda"
108,"Upon learning the trait <hex:024804F201FA03><hex:024904F201FB03>Minstrel's Coda<hex:0249020103><hex:0248020103>, singing the <hex:024804F201F403><hex:024904F201F503>Mage's Ballad<hex:0249020103><hex:0248020103>, <hex:024804F201F403><hex:024904F201F503>Army's Paeon<hex:0249020103><hex:0248020103>, or the <hex:024804F201F403><hex:024904F201F503>Wanderer's Minuet<hex:0249020103><hex:0248020103> will grant a corresponding <hex:024804F201FA03><hex:024904F201FB03>Coda<hex:0249020103><hex:0248020103>. With at least one <hex:024804F201FA03><hex:024904F201FB03>Coda<hex:0249020103><hex:0248020103> active, you can execute <hex:024804F201F403><hex:024904F201F503>Radiant Finale<hex:0249020103><hex:0248020103>."
109,"While under the effect of <hex:024804F201FA03><hex:024904F201FB03>Astral Fire III<hex:0249020103><hex:0248020103> or <hex:024804F201FA03><hex:024904F201FB03>Umbral Ice III<hex:0249020103><hex:0248020103> and 3 <hex:024804F201FA03><hex:024904F201FB03>Umbral Hearts<hex:0249020103><hex:0248020103>, swapping to the opposite element will allow you to execute <hex:024804F201F403><hex:024904F201F503>Paradox<hex:0249020103><hex:0248020103>."
110,"Upon learning the trait <hex:024804F201FA03><hex:024904F201FB03>Cartridge Charge II<hex:0249020103><hex:0248020103>, a third <hex:024804F201FA03><hex:024904F201FB03>Cartridge<hex:0249020103><hex:0248020103> can be stored in the <hex:024804F201F403><hex:024904F201F503>Powder Gauge<hex:0249020103><hex:0248020103>. <hex:024804F201FA03><hex:024904F201FB03>Cartridges<hex:0249020103><hex:0248020103> are added to the gauge by using combo actions such as <hex:024804F201F403><hex:024904F201F503>Solid Barrel<hex:0249020103><hex:0248020103> or <hex:024804F201F403><hex:024904F201F503>Demon Slaughter<hex:0249020103><hex:0248020103> (acquired at level 40). <hex:024804F201FA03><hex:024904F201FB03>Cartridges<hex:0249020103><hex:0248020103> can then be used to execute several actions such as <hex:024804F201F403><hex:024904F201F503>Burst Strike<hex:0249020103><hex:0248020103> or <hex:024804F201F403><hex:024904F201F503>Gnashing Fang<hex:0249020103><hex:0248020103> (acquired at level 60)."
111,"The <hex:024804F201F403><hex:024904F201F503>Soul Gauge<hex:0249020103><hex:0248020103> can be filled via the execution of certain weaponskills, or by defeating enemies afflicted with <hex:024804F201FA03><hex:024904F201FB03>Death's Design<hex:0249020103><hex:0248020103>. With sufficient souls stored in the gauge, you can execute actions such as <hex:024804F201F403><hex:024904F201F503>Blood Stalk<hex:0249020103><hex:0248020103>, <hex:024804F201F403><hex:024904F201F503>Grim Swathe<hex:0249020103><hex:0248020103> (acquired at level 55), or <hex:024804F201F403><hex:024904F201F503>Gluttony<hex:0249020103><hex:0248020103> (acquired at level 76)."
112,"The <hex:024804F201F403><hex:024904F201F503>Shroud Gauge<hex:0249020103><hex:0248020103> signifies the strength of your bond with your avatar. When the gauge is sufficiently filled, you can execute <hex:024804F201F403><hex:024904F201F503>Enshroud<hex:0249020103><hex:0248020103> to temporarily serve as host to your avatar."
113,"Once <hex:024804F201FA03><hex:024904F201FB03>Enshrouded<hex:0249020103><hex:0248020103>, the <hex:024804F201F403><hex:024904F201F503>Death Gauge<hex:0249020103><hex:0248020103> will display the time remaining to play host to your avatar, as well as your stacks of <hex:024804F201FA03><hex:024904F201FB03>Lemure Shroud<hex:0249020103><hex:0248020103>, which are consumed to use powerful attacks such as <hex:024804F201F403><hex:024904F201F503>Void Reaping<hex:0249020103><hex:0248020103> and <hex:024804F201F403><hex:024904F201F503>Communio<hex:0249020103><hex:0248020103> (acquired at level 90)."
114,"Upon learning the trait <hex:024804F201FA03><hex:024904F201FB03>Enhanced Shroud<hex:0249020103><hex:0248020103>, consuming stacks of <hex:024804F201FA03><hex:024904F201FB03>Lemure Shroud<hex:0249020103><hex:0248020103> will grant stacks of <hex:024804F201FA03><hex:024904F201FB03>Void Shroud<hex:0249020103><hex:0248020103> in their place. <hex:024804F201FA03><hex:024904F201FB03>Void Shroud<hex:0249020103><hex:0248020103> can then be consumed to execute actions such as <hex:024804F201F403><hex:024904F201F503>Lemure's Slice<hex:0249020103><hex:0248020103> or <hex:024804F201F403><hex:024904F201F503>Lemure's Scythe<hex:0249020103><hex:0248020103>."
115,"Soul Gauge"
116,"Soul Gauge, Shroud Gauge, and Death Gauge"
117,"Eukrasia"
118,"Addersgall Gauge"
119,"<hex:024804F201FA03><hex:024904F201FB03>Eukrasia<hex:0249020103><hex:0248020103>, when active, can be used to enhance the effects of <hex:024804F201F403><hex:024904F201F503>Dosis<hex:0249020103><hex:0248020103>, <hex:024804F201F403><hex:024904F201F503>Diagnosis<hex:0249020103><hex:0248020103>, and <hex:024804F201F403><hex:024904F201F503>Prognosis<hex:0249020103><hex:0248020103>."
120,"The <hex:024804F201F403><hex:024904F201F503>Addersgall Gauge<hex:0249020103><hex:0248020103> indicates accumulated stacks of <hex:024804F201FA03><hex:024904F201FB03>Addersgall<hex:0249020103><hex:0248020103>, which are restored automatically over time. <hex:024804F201FA03><hex:024904F201FB03>Addersgall<hex:0249020103><hex:0248020103> can be consumed to execute actions such as <hex:024804F201F403><hex:024904F201F503>Druochole<hex:0249020103><hex:0248020103> and <hex:024804F201F403><hex:024904F201F503>Kerachole<hex:0249020103><hex:0248020103> (acquired at level 50)."
121,"The gauge builds stacks of <hex:024804F201FA03><hex:024904F201FB03>Addersting<hex:0249020103><hex:0248020103> when the barrier effect of <hex:024804F201F403><hex:024904F201F503>Eukrasian Diagnosis<hex:0249020103><hex:0248020103> or <hex:024804F201F403><hex:024904F201F503>Eukrasian Prognosis<hex:0249020103><hex:0248020103> is completely absorbed. <hex:024804F201FA03><hex:024904F201FB03>Addersting<hex:0249020103><hex:0248020103> stacks can be used to execute actions such as <hex:024804F201F403><hex:024904F201F503>Toxikon<hex:0249020103><hex:0248020103> and <hex:024804F201F403><hex:024904F201F503>Toxikon II<hex:0249020103><hex:0248020103>."
122,"バランスゲージ/マナスタックシンボル"
123,"<hex:024804F201FA03><hex:024904F201FB03>Mana Stacks<hex:0249020103><hex:0248020103> are gained by executing <hex:024804F201F403><hex:024904F201F503>Enchanted Riposte<hex:0249020103><hex:0248020103>, <hex:024804F201F403><hex:024904F201F503>Enchanted Zwerchhau<hex:0249020103><hex:0248020103>, <hex:024804F201F403><hex:024904F201F503>Enchanted Redoublement<hex:0249020103><hex:0248020103>, or <hex:024804F201F403><hex:024904F201F503>Enchanted Moulinet<hex:0249020103><hex:0248020103>, and are consumed by casting spells. At maximum stacks, you can cast <hex:024804F201F403><hex:024904F201F503>Verflare<hex:0249020103><hex:0248020103> and <hex:024804F201F403><hex:024904F201F503>Verholy<hex:0249020103><hex:0248020103> (acquired at level 70)."
124,"Once <hex:024804F201FA03><hex:024904F201FB03>Enshrouded<hex:0249020103><hex:0248020103>, the <hex:024804F201F403><hex:024904F201F503>Death Gauge<hex:0249020103><hex:0248020103> will display the time remaining to play host to your avatar, as well as your stacks of <hex:024804F201FA03><hex:024904F201FB03>Lemure Shroud<hex:0249020103><hex:0248020103>, which are consumed to use powerful attacks such as <hex:024804F201F403><hex:024904F201F503>Void Reaping<hex:0249020103><hex:0248020103> and <hex:024804F201F403><hex:024904F201F503>Communio<hex:0249020103><hex:0248020103> (acquired at level 90)."
125,""
126,""
127,""
128,""
129,""
130,""
131,""
132,""
133,""
134,""
135,""
136,""
137,""
138,""
139,""
140,""
141,""
142,""
143,""
144,""
145,""
146,""
147,""
148,""
149,""
150,""
